DROP TABLE IF EXISTS users;
SET NAMES utf8;
CREATE TABLE users (
name varchar(40),
age int
);
INSERT INTO users VALUES ("Alice",  20);
INSERT INTO users VALUES ("Bob",    20);
INSERT INTO users VALUES ("Charry", 29);
EXPLAIN SELECT *, COUNT(*) FROM users GROUP BY age;
id	select_type	table	type	possible_keys	key	key_len	ref	rows	Extra
1	SIMPLE	users	ALL	NULL	NULL	NULL	NULL	3	Using temporary; Using filesort
SELECT *, COUNT(*) FROM users GROUP BY age;
name	age	COUNT(*)
Alice	20	2
Charry	29	1
DROP TABLE users;
