SELECT VARIABLE_VALUE = 4 FROM INFORMATION_SCHEMA.GLOBAL_STATUS WHERE VARIABLE_NAME = 'wsrep_cluster_size';
VARIABLE_VALUE = 4
1
CREATE TABLE t1 (f1 INTEGER);
INSERT INTO t1 VALUES (1);
SELECT COUNT(*) = 1 FROM t1;
COUNT(*) = 1
1
DROP TABLE t1;
